url,scraped_at,title,price,bedrooms,bathrooms,property_size_sqft,plot_size_sqft,price_per_sqft,detected_type_from_description,bua_from_description,plot_from_description,agent_name,agency_name,listed_age,listed_date,description,description_json
https://www.propertyfinder.ae/en/plp/buy/villa-for-sale-dubai-arabian-ranches-2-lila-78992541.html,2026-05-12 18:15:59,Sale in Lila: Great Price | 4Bed+Maid | Quiet Location | Property Finder,6699999.0,4.0,4.0,3234.0,,,Type 2,3234.0,4359.0,,Treo Homes,,,"Great Price | 4Bed+Maid | Quiet Location
Villa for sale in Lila, Arabian Ranches 2
Treo Homes is very pleased to be bringing to the market our latest listing in Lila, Arabian Ranches 2.
Features
- Arabian Ranches 2
- Lila
- Type 2
- 3234 BUA
- 4359 Plot
- 4Bedroom+Maid
- Open Plan Living
- Quiet and Internal Location with landscaped garden
- Close to Pool
- Booking by appointment only with approved buyers
The ground floor offers a bright open-plan living and dining area, a semi-closed kitchen, guest powder room, storage space, and maid’s room with en-suite. Large windows allow plenty of natural light and open onto the private garden.
Upstairs, the master bedroom includes built-in wardrobes and an en-suite bathroom. Two further bedrooms share a family bathroom, with all rooms offering good proportions and natural light.
Located in a well established, family friendly community with landscaped green spaces, parks, pools, walking trails, and easy access to schools, shops, and main road links.
To get more information or to book a viewing, get hold of us now.",
https://www.propertyfinder.ae/en/plp/buy/villa-for-sale-dubai-arabian-ranches-2-lila-80676912.html,2026-05-12 18:16:14,Sale in Lila: Community Expert | Close to Park | Renovated | Property Finder,6600000.0,3.0,4.0,4359.0,,,Type 1,,,,Jade & Co Real Estate,,,"Community Expert | Close to Park | Renovated
Villa for sale in Lila, Arabian Ranches 2
Jade & Co Real Estate is pleased to offer this 3 Bedrooms Plus Maids Spanish Design Villa with back Garden Space.
- Type 1
- 2 Loggia, 1 Balcony
- 3 Bedrooms plus Maid’s room
- Built in Closet
- Beautifully Renovated Home Featuring:
- Brand new flooring throughout
- Fully upgraded modern kitchen
- Newly finished ceiling on the ground floor
- New windows installed on the ground floor
- Custom-built dressing room in the master bedroom
- Upgraded bathroom cabinetry
- Enhanced and upgraded outdoor space
- Landscaped Garden
- Close to park
- Close to entrance
- For viewing schedules and queries please contact Mariam (BRN 53255)
Lila manors are an embodiment of urban living with first-class estates by the much famous Emaar Properties.
Lila estates are situated in the beautiful network of Arabian Ranches 2. It is an assortment of 219 exquisite independent homes in the safe gated network of Arabian Ranches. The habitations at Lila advance an open airway of life with a few stops, kids' play territory, tennis court and a football pitch.
Lila offers 3BR to 5BR manors with best standard with amazing fairway sees. The top-notch homes are situated close to the emirate's key goals like Dubai Marina, Dubai Media City, and Dubai Internet City.
Nearby Attractions and amenities:
Swimming pool
Barbecue Facilities
Kids play area
Football pitches
Squash and tennis courts
Gymnasium
Beauty Salon and spa
Jade & Co was founded to provide a boutique approach to the Dubai Real Estate market, which caters way beyond beautiful properties, as our exceptional agents source a lifestyle to compliment you. Our purpose is to provide an unrivalled service in the market, whether you are buying, selling, or renting, and our approach allows us to walk alongside our clients at every stage of their journey. For Jade & Co, maintaining long-lasting relationships is at the core of our agency.
Jade & Co Real Estate
Office: 610 The Onyx Tower 1, The Greens, Dubai, UAE",
https://www.propertyfinder.ae/en/plp/buy/villa-for-sale-dubai-arabian-ranches-2-lila-80676721.html,2026-05-12 18:16:30,Sale in Lila: Community Expert | Upgraded Garden | Corner | Property Finder,6400000.0,3.0,4.0,3163.0,,,Type 1,,,,Jade & Co Real Estate,,,"Community Expert | Upgraded Garden | Corner
Villa for sale in Lila, Arabian Ranches 2
Jade & Co Real Estate is pleased to offer this 3 Bedrooms Plus Maids Spanish Design Villa with back Garden Space.
- Type 1 Layout
- 3 Bedrooms + Maid’s Room
- 2 Loggias and 1 Balcony for enhanced outdoor living
- Built-in Closet with ample storage
- Beautifully Landscaped Garden
- Spacious Corner Plot in a prime location
- Large Plot Size offering more privacy and space
- Conveniently Close to the Park and Community Entrance
- Timeless Classic Design
- For viewings and inquiries, please contact Mariam (B.R.N. 53255)
Nearby Attractions and amenities:
Swimming pool
Barbecue Facilities
Kids play area
Football pitches
Squash and tennis courts
Gymnasium
Beauty Salon and spa
Lila is a premium villa community by Emaar, nestled in the heart of Arabian Ranches 2, featuring 219 elegantly crafted 3 to 5-bedroom villas that offer a serene lifestyle surrounded by lush gardens, expansive green spaces, and family-friendly amenities such as parks, children’s play areas, and inviting dining spots—perfect for those seeking comfort, style, and a relaxed living environment.
Jade & Co was founded to provide a boutique approach to the Dubai Real Estate market, which caters way beyond beautiful properties, as our exceptional agents source a lifestyle to compliment you. Our purpose is to provide an unrivalled service in the market, whether you are buying, selling, or renting, and our approach allows us to walk alongside our clients at every stage of their journey. For Jade & Co, maintaining long-lasting relationships is at the core of our agency.
Jade & Co Real Estate
Office: 610 The Onyx Tower 1, The Greens, Dubai, UAE",
https://www.propertyfinder.ae/en/plp/buy/villa-for-sale-dubai-arabian-ranches-2-lila-16213856.html,2026-05-12 18:17:05,Sale in Lila: Exclusive | Vacant Soon | Prime Location | Property Finder,6300000.0,3.0,4.0,4657.0,,,Type 1,3164.0,4657.0,,White & Co Real Estate,,,"Exclusive | Vacant Soon | Prime Location
Villa for sale in Lila, Arabian Ranches 2
Giorgia and White & Co Real Estate are proud to present this exclusively listed 3 bedroom + maids villa in Lila, Arabian Ranches 2.
Situated on a generous 4,657 sqft plot and ideally positioned opposite the community pool and park, this villa offers the perfect setting for family living.
Property Features:
- Type 1 Layout
- 3 Bed + Maids
- BUA 3,164 sqft
- Plot 4,657 sqft
- Single Row
- Opposite Pool & Park
- Legal Notice Served
- High Ceilings
- Bright & Spacious
- Exclusive Listing
Step inside to a bright and airy entrance featuring double-height ceilings and an elegant wrap-around staircase. The ground floor offers a spacious open-plan living and dining area, complemented by a semi-open kitchen. You’ll also find a maid’s room and a guest powder room for added convenience.
Upstairs, two well-sized bedrooms share a stylish Jack-and-Jill bathroom, while the master suite offers a private retreat with its own en-suite bathroom, walk-in wardrobe, and a private balcony - ideal for enjoying your morning coffee.",
https://www.propertyfinder.ae/en/plp/buy/villa-for-sale-dubai-arabian-ranches-2-lila-86163898.html,2026-05-12 18:17:20,Sale in Lila: Gated Community | 5BR Villa | Prime Location | Property Finder,7400000.0,5.0,5.0,4650.0,,,,,,,Ayoub & Co,,,"Gated Community | 5BR Villa | Prime Location
Villa for sale in Lila, Arabian Ranches 2
Ayoub & Co. is delighted to offer this beautifully designed 5-bedroom villa in the highly desirable Lila District, Arabian Ranches 2. Nestled within a secure gated family community, this exceptional home combines generous living spaces, elegant finishes, and a prime internal location directly next to the pool and kids’ playground, making it the ideal residence for families seeking comfort and convenience.
Set for ready move-in by July, this villa presents a rare opportunity to own a premium home in one of Dubai’s most established suburban communities.
Why Choose Lila, Arabian Ranches 2?
- Prestigious Emaar Community – One of Dubai’s most sought-after villa neighborhoods.
- Family-Focused Lifestyle – Peaceful gated surroundings with parks, pools, and children’s play areas.
- Prime Internal Location – Situated next to the community pool and kids’ playground.
- Spacious Contemporary Layouts – Designed for comfortable family living with abundant natural light.
- Excellent Connectivity – Easy access to Sheikh Mohammed Bin Zayed Road, schools, and retail centers.
Property Highlights:
* Type: 5 Bedroom Villa
* Bathrooms: 5
* Price: AED 7,400,000
* Community: Lila, Arabian Ranches 2
* Condition: Ready to Move in July
* Gated Community Living
* Next to Pool & Kids Playground
* Bright Spacious Interiors
* Private Garden & Family Outdoor Space
Property Amenities:
* Covered Parking
* Community Swimming Pool
* Kids Play Area
* Landscaped Parks & Walking Trails
* 24/7 Security
* Nearby Schools, Retail & Dining Options
* Family-Friendly Green Community
Located in the heart of Arabian Ranches 2, this villa in Lila offers the perfect blend of privacy, luxury, and family-oriented living. Whether for end use or long-term investment, this is a property that delivers both lifestyle and value.
Contact us now for more information!
Always Remember ""You Are One Call Away!""",
https://www.propertyfinder.ae/en/plp/buy/villa-for-sale-dubai-arabian-ranches-2-lila-86187009.html,2026-05-12 18:17:35,Sale in Lila: Independent Villa | Landscaped | Bright and Airy | Property Finder,12950000.0,5.0,5.0,7429.0,,,,,,,Rosenheim Luxury Properties,,,"Independent Villa | Landscaped | Bright and Airy
Villa for sale in Lila, Arabian Ranches 2
- 5 Bedrooms
- 5 Bathrooms
- Well Maintained
- Independent Villa
Rosenheim Luxury Properties is pleased to present this well-maintained 5-bedroom independent villa located in the highly desirable Lila Community, Arabian Ranches 2.
The property offers a well-proportioned layout comprising five spacious bedrooms and five bathrooms, designed to accommodate modern family living. Maintained in excellent condition, the villa provides a comfortable and functional living environment with a practical configuration throughout.
Situated within Arabian Ranches 2, Lila Community is renowned for its tranquil setting, landscaped surroundings, and family-oriented lifestyle. Residents benefit from access to community parks, walking trails, and a range of lifestyle amenities, making it one of Dubai’s most established and sought-after villa communities.
For more information or to book an appointment, please contact Fahad Sheikh or email him at fahad@rosenheimgroup.com",
https://www.propertyfinder.ae/en/plp/buy/villa-for-sale-dubai-arabian-ranches-2-lila-77363140.html,2026-05-12 18:17:51,Sale in Lila: Exclusive | Highly Desired Layout | Type 2 | Property Finder,6799999.0,4.0,4.0,3234.0,,,Type 2,3234.0,4359.0,,Treo Homes,,,"Exclusive | Highly Desired Layout | Type 2
Villa for sale in Lila, Arabian Ranches 2
Treo Homes is very pleased to be bringing to the market our latest listing in Lila, Arabian Ranches 2.
Features
- Arabian Ranches 2
- Lila
- Type 2
- 4Bedrooms+Maid
- 3,234 Sqft BUA
- 4,359Sqft Plot
- Quiet Internal Location
- Ground Floor Bedroom
- Well maintained - Huge potential for Upgrades
- Viewings on Request
This Lila Type 2 villa offers one of the most popular and practical 4 bedroom layouts, featuring a highly sought-after ground floor bedroom ideal for guests or a home office.
The property boasts bright, open-plan living spaces and well sized bedrooms throughout, making it perfect for family living.
Set on a plot with an amazing garden space, there is plenty of room for outdoor entertaining or the addition of a private pool.
With huge potential to upgrade and extend, this is a fantastic opportunity to create a bespoke home in a highly desirable community.
To get more information or to book a viewing, get hold of us now.",
https://www.propertyfinder.ae/en/plp/buy/villa-for-sale-dubai-arabian-ranches-2-lila-16104320.html,2026-05-12 18:18:07,Sale in Lila: Prime Location | Internal | Type 2 | Property Finder,6800000.0,4.0,5.0,4359.0,,,Type 2,3257.0,4359.0,,White & Co,,,"Prime Location | Internal | Type 2
Villa for sale in Lila, Arabian Ranches 2
Giorgia and White and Co. are pleased to bring to market this in demand Type 2 in Lila, Arabian Ranches 2.
- Type 2
- 4 Bedrooms
- 5 Bathrooms
- Maids Room
- BUA: 3,257 sqft.
- Plot: 4,359.38 sqft.
- Well Maintained
- Large Plot
A Type 2 Lila villa in Arabian Ranches 2 offers a refined balance of modern design and practical family living. The home features a spacious open-plan layout with bright living and dining areas, enhanced by large windows that fill the space with natural light. The kitchen is well-positioned for everyday convenience, while the bedrooms are generously sized, with built-in storage and a calm, contemporary finish. Outside, the private garden provides a perfect setting for relaxation or entertaining. Located within the popular Lila community, residents enjoy access to landscaped parks, walking trails, children’s play areas, and a peaceful neighborhood atmosphere, making it an ideal choice for families and end-users alike.
Contact Giorgia at White & Co to arrange a viewing and for more information.",
https://www.propertyfinder.ae/en/plp/buy/villa-for-sale-dubai-arabian-ranches-2-lila-73846643.html,2026-05-12 18:18:22,Sale in Lila: Very Large Plot | Vacant Now | Single Row | Property Finder,10700000.0,5.0,5.0,6467.0,,,,3705.0,6467.0,,White and Co Real Estate,,,"Very Large Plot | Vacant Now | Single Row
Villa for sale in Lila, Arabian Ranches 2
Elvita and White and Co Real Estate are proud to present this exclusively listed 5 bedroom + maids villa in Lila, Arabian Ranches 2.
Situated on a generous 6,467 sqft plot, this villa offers the perfect setting for family living.
Property Features:
- 5 Bed + Maids
- BUA: 3,705.69 sqft
- Plot: 6,467.17 sqft
- Single Row
- Vacant
- High Ceilings
- Bright & Spacious
Step inside to a bright and airy entrance featuring double-height ceilings and an elegant wrap-around staircase. The ground floor offers a spacious open-plan living and dining area, complemented by a semi-open kitchen. You’ll also find a maid’s room and a guest powder room for added convenience.
Upstairs, two well-sized bedrooms share a stylish Jack-and-Jill bathroom, while the master suite offers a private retreat with its own en-suite bathroom, walk-in wardrobe, and a private balcony - ideal for enjoying your morning coffee.
For more information or to arrange a viewing, please contact Elvita",
https://www.propertyfinder.ae/en/plp/buy/villa-for-sale-dubai-arabian-ranches-2-lila-71913873.html,2026-05-12 18:18:38,Sale in Lila: Upgraded | Close to Amenities | Corner | Property Finder,6600000.0,3.0,4.0,4359.0,,,,3181.0,,,fam Properties,,,"Upgraded | Close to Amenities | Corner
Villa for sale in Lila, Arabian Ranches 2
fam Properties would like to present this upgraded 3 bedroom villa in Arabian Ranches 2. Designed for families who value both modern aesthetics and effortless convenience. Situated in a prime location, the property is just a short walk from the community s central amenities, including the Ranches Souk, Fitness First, and the primary school.
The interior has been thoughtfully enhanced with premium finishes, featuring an open plan living and dining area that flows seamlessly into a private, landscaped garden. Upstairs, the spacious bedrooms include a master suite with a renovated en suite bathroom and ample wardrobe space.
Key Features:
Fully upgraded flooring and modern kitchen
Walking distance to community pool and park
Maids room and covered parking for 2 cars
BUA: 3,181 sq. ft.
This is a rare opportunity to secure a turnkey home in one of Dubai s most sought after family communities. Available for viewing by appointment.",
https://www.propertyfinder.ae/en/plp/buy/villa-for-sale-dubai-arabian-ranches-2-lila-68712355.html,2026-05-12 18:18:54,Sale in Lila: 3 Bed + Maids Room | Stand alone | Type 1 | Property Finder,6500000.0,3.0,4.0,4655.0,,,Type 1,,,,18Bricks Real Estate,,,"3 Bed + Maids Room | Stand alone | Type 1
Villa for sale in Lila, Arabian Ranches 2
18Bricks Real Estate is pleased to present this standalone Type 1 villa for sale in the Lila community, Arabian Ranches. Designed with family living in mind, this home offers a practical layout, generous indoor spaces, and a private garden setting within one of Dubai’s most established villa communities.
Investment Highlights:
* Standalone villa offering privacy and independent living
* Located in a highly sought-after Arabian Ranches community
* Strong resale and rental demand for family villas
* Ideal for end users seeking space and community lifestyle
* Mature master community with established amenities and infrastructure
Property Details:
* Type 1 layout
* 3 bedrooms plus maid’s room
* Spacious living and dining areas
* Well-planned kitchen layout
* Private garden
* Covered parking
* Bright interiors with family-oriented layout
* Suitable for immediate occupancy or customization
Community Amenities:
* Community swimming pools
* Landscaped parks and walking trails
* Children’s play areas
* Retail center and dining options
* Gated community with 24/7 security
Location & Proximity:
* Easy access to Sheikh Mohammed Bin Zayed Road
* Close to schools and nurseries
* Near Arabian Ranches Retail Centre
* Short drive to Motor City and Dubai Hills areas
* Well-connected suburban family environment
18Bricks Group
Real Estate | Investment | Mortgage | Holiday Homes
Expert Insights: UAE market mastery for confident investments.
Exclusive Access: Prime properties, off-market treasures.
Tailored Financing: In-house mortgage guidance for your needs.
Personalized Approach: Tailored advice for maximum returns.
Realize Investment Dreams: Expertise empowering all investors.
Deluxe & Modern Holiday Homes.
Contact us now to schedule viewing
REF: 45731-VI-S-0574-FM",
https://www.propertyfinder.ae/en/plp/buy/villa-for-sale-dubai-arabian-ranches-2-lila-2Pl9VpnuqGW.html,2026-05-12 18:19:10,Sale in Lila: 4BR VILLA | LANDSCAPED GARDEN | UP FOR SALE | Property Finder,6700000.0,4.0,4.0,4359.0,,,,,,,Seeniun Properties,,,"4BR VILLA | LANDSCAPED GARDEN | UP FOR SALE
Villa for sale in Lila, Arabian Ranches 2
Seeniun Properties is proud to present this elegantly furnished 4-bedroom villa for sale located in the highly sought-after Lila community, Arabian Ranches 2. Designed with a blend of modern comfort and Arabian-inspired architecture, this home offers spacious living areas, refined interiors, and a tranquil family-oriented environment.
*Villa Highlights:
*4 Bedrooms
*Furnished
*4 Bathrooms
*Size: 4,359 sq. ft.
*Spacious living & dining areas
*Built In Wardrobe
*Contemporary open kitchen
*Private landscaped garden with side access
*2 Covered Parking
*Gated Community
*Rented
*Price: AED 6,700,000/-
Lila is an exclusive villa enclave within the prestigious Arabian Ranches 2 community, developed by Emaar Properties. Known as “the epitome of a lush getaway,” Lila combines Spanish-inspired architecture with a serene, family-oriented setting, making it a highly desirable address for residents seeking space, tranquility, and quality living in Dubai.
Arabian Ranches is one of Dubai’s most desirable family communities, masterfully developed by Emaar. Known for its lush green landscapes, tree-lined streets, and modern villas, it offers a tranquil suburban lifestyle while being only a short drive from central Dubai.
The community features:
- A selection of parks, playgrounds, and shaded walkways
- Community swimming pools and fitness facilities
- The Ranches Souk with retail, dining, and convenience stores
- A top-rated Ranches Primary School and nearby nurseries
- Medical clinics and pharmacies for family healthcare needs
- Easy access to major roads, connecting residents to Downtown Dubai, Business Bay, and Dubai Marina within 20–25 minutes
Overall, Lila offers a peaceful, safe, and community-focused lifestyle — an excellent choice for families and investors .
Contact us for further details and to arrange a viewing—an excellent opportunity for both end-users and investors in a high-demand community.
Contact us for further details and to arrange a v",
https://www.propertyfinder.ae/en/plp/buy/villa-for-sale-dubai-arabian-ranches-2-rosa-83238864.html,2026-05-13 10:35:51,Sale in Rosa: Community Expert | Extended | Type 1 | Property Finder,10500000.0,4.0,5.0,6544.0,6544.0,1605.0,Type 1,,,Mariam Abbas,JADE AND C O REAL ESTATE L.L.C,12 days ago,2026-05-01,"Community Expert | Extended | Type 1
Villa for sale in Rosa, Arabian Ranches 2
Jade & Co Real Estate is pleased to offer this 4 Bedrooms Plus Maids Spanish Design Villa with back Garden Space.
- 4-bedroom Type 1 villa with all bedrooms upstairs for added privacy
- Bright, extended living, dining & kitchen space perfect for family living
- Renovated with elegant modern touches throughout
- Beautifully upgraded garden creating a peaceful outdoor escape
- Charming Spanish classic façade with timeless character
- Ideally located close to the park for a relaxed lifestyle
- Easy access in and out, just near the community entrance
- Immaculately maintained and move-in ready
For viewing schedules and queries please contact Mariam (B.R.N. 53255)
Rosa, addition phase in Arabian Ranches two living. These villas are beautifully designed and optimized for family-centric living.
You can choose from a variety of 144 homes, including four, five, and six-bedroom options, each with private plots for gardens and outdoor decks. The neighbourhood skyline is characterized by low-pitched terracotta tiled roofs.
The interior design is impeccably styled, offering a unique interpretation of a sophisticated modern Spanish palette.
Nearby Attractions and amenities:
Swimming pool
Barbecue Facilities
Kids play area
Football pitches
Squash and tennis courts
Gymnasium
Beauty Salon and spa
Jade & Co was founded to provide a boutique approach to the Dubai Real Estate market, which caters way beyond beautiful properties, as our exceptional agents source a lifestyle to compliment you. Our purpose is to provide an unrivalled service in the market, whether you are buying, selling, or renting, and our approach allows us to walk alongside our clients at every stage of their journey. For Jade & Co, maintaining long-lasting relationships is at the core of our agency.
Jade & Co Real Estate
Office: 610 The Onyx Tower 1, The Greens, Dubai, UAE","{""text"": ""Community Expert | Extended | Type 1\nVilla for sale in Rosa, Arabian Ranches 2\nJade & Co Real Estate is pleased to offer this 4 Bedrooms Plus Maids Spanish Design Villa with back Garden Space.\n- 4-bedroom Type 1 villa with all bedrooms upstairs for added privacy\n- Bright, extended living, dining & kitchen space perfect for family living\n- Renovated with elegant modern touches throughout\n- Beautifully upgraded garden creating a peaceful outdoor escape\n- Charming Spanish classic façade with timeless character\n- Ideally located close to the park for a relaxed lifestyle\n- Easy access in and out, just near the community entrance\n- Immaculately maintained and move-in ready\nFor viewing schedules and queries please contact Mariam (B.R.N. 53255)\nRosa, addition phase in Arabian Ranches two living. These villas are beautifully designed and optimized for family-centric living.\nYou can choose from a variety of 144 homes, including four, five, and six-bedroom options, each with private plots for gardens and outdoor decks. The neighbourhood skyline is characterized by low-pitched terracotta tiled roofs.\nThe interior design is impeccably styled, offering a unique interpretation of a sophisticated modern Spanish palette.\nNearby Attractions and amenities:\nSwimming pool\nBarbecue Facilities\nKids play area\nFootball pitches\nSquash and tennis courts\nGymnasium\nBeauty Salon and spa\nJade & Co was founded to provide a boutique approach to the Dubai Real Estate market, which caters way beyond beautiful properties, as our exceptional agents source a lifestyle to compliment you. Our purpose is to provide an unrivalled service in the market, whether you are buying, selling, or renting, and our approach allows us to walk alongside our clients at every stage of their journey. For Jade & Co, maintaining long-lasting relationships is at the core of our agency.\nJade & Co Real Estate\nOffice: 610 The Onyx Tower 1, The Greens, Dubai, UAE"", ""lines"": [""Community Expert | Extended | Type 1"", ""Villa for sale in Rosa, Arabian Ranches 2"", ""Jade & Co Real Estate is pleased to offer this 4 Bedrooms Plus Maids Spanish Design Villa with back Garden Space."", ""- 4-bedroom Type 1 villa with all bedrooms upstairs for added privacy"", ""- Bright, extended living, dining & kitchen space perfect for family living"", ""- Renovated with elegant modern touches throughout"", ""- Beautifully upgraded garden creating a peaceful outdoor escape"", ""- Charming Spanish classic façade with timeless character"", ""- Ideally located close to the park for a relaxed lifestyle"", ""- Easy access in and out, just near the community entrance"", ""- Immaculately maintained and move-in ready"", ""For viewing schedules and queries please contact Mariam (B.R.N. 53255)"", ""Rosa, addition phase in Arabian Ranches two living. These villas are beautifully designed and optimized for family-centric living."", ""You can choose from a variety of 144 homes, including four, five, and six-bedroom options, each with private plots for gardens and outdoor decks. The neighbourhood skyline is characterized by low-pitched terracotta tiled roofs."", ""The interior design is impeccably styled, offering a unique interpretation of a sophisticated modern Spanish palette."", ""Nearby Attractions and amenities:"", ""Swimming pool"", ""Barbecue Facilities"", ""Kids play area"", ""Football pitches"", ""Squash and tennis courts"", ""Gymnasium"", ""Beauty Salon and spa"", ""Jade & Co was founded to provide a boutique approach to the Dubai Real Estate market, which caters way beyond beautiful properties, as our exceptional agents source a lifestyle to compliment you. Our purpose is to provide an unrivalled service in the market, whether you are buying, selling, or renting, and our approach allows us to walk alongside our clients at every stage of their journey. For Jade & Co, maintaining long-lasting relationships is at the core of our agency."", ""Jade & Co Real Estate"", ""Office: 610 The Onyx Tower 1, The Greens, Dubai, UAE""]}"
https://www.propertyfinder.ae/en/plp/buy/villa-for-sale-dubai-arabian-ranches-2-rosa-2Q8FKiV2jYm.html,2026-05-13 10:36:19,Sale in Rosa: Type 2 | Renovated | Must See | Property Finder,9999999.0,4.0,4.0,6889.0,6889.0,1452.0,Type 2,,,Thomas Anderson,ESPACE REAL ESTATE BROKER L.L.C,2 months ago,2026-03-14,"Type 2 | Renovated | Must See
Villa for sale in Rosa, Arabian Ranches 2
Introducing a rarely available, owner-occupied, exquisite villa in the illustrious Arabian Ranches 2 - Rosa community. This charismatic villa is an archetype of well-thought-out design and an internal location offering absolute peace for those who cherish tranquility. This property is an exclusive listing by Espace Real Estate. The brand-new, recently upgraded villa houses four luxuriously appointed bedrooms, with an additional room offering flexibility as a Maid's and Family Area. The fantastic layout encapsulates a built-up area of 4354 sqft., providing your family ample space to create treasured moments. The ground floor has a special attribute of a bedroom, ensuring convenient accessibility for all residents. The plot expands over a generous 6889 sqft that peers out to a quiet location. This immersive experience of tranquillity is a unique selling proposition that sets this villa apart from the rest in Rosa. Espace Real Estate takes pride in presenting such an exclusive property that soothes the senses with its quiet location, while also humbly boasting its myriad of features and amenities. As you step inside this beautiful space, you'll appreciate the upgraded features that enhance the sophistication and utility of the property.
- Type 2
- 4 Bedrooms
- Maids and Family Area
- BUA: Approximately 4354 sqft
- Plot: Approximately 6889 sqft
- Quiet Location
- Ground floor bedroom
- Recently upgraded
- Owner Occupied
Finance is available on this property through Espace Real Estate.
For more information, please give us a call. You are also welcome to visit our office at Marina Plaza or explore our website at espace.ae to discover an exceptional selection of properties for sale and for rent.
Office location: Unit 2702 and 2703 Marina Plaza, Dubai Marina, Dubai UAE.
This property is managed by Espace Real Estate Broker","{""text"": ""Type 2 | Renovated | Must See\nVilla for sale in Rosa, Arabian Ranches 2\nIntroducing a rarely available, owner-occupied, exquisite villa in the illustrious Arabian Ranches 2 - Rosa community. This charismatic villa is an archetype of well-thought-out design and an internal location offering absolute peace for those who cherish tranquility. This property is an exclusive listing by Espace Real Estate. The brand-new, recently upgraded villa houses four luxuriously appointed bedrooms, with an additional room offering flexibility as a Maid's and Family Area. The fantastic layout encapsulates a built-up area of 4354 sqft., providing your family ample space to create treasured moments. The ground floor has a special attribute of a bedroom, ensuring convenient accessibility for all residents. The plot expands over a generous 6889 sqft that peers out to a quiet location. This immersive experience of tranquillity is a unique selling proposition that sets this villa apart from the rest in Rosa. Espace Real Estate takes pride in presenting such an exclusive property that soothes the senses with its quiet location, while also humbly boasting its myriad of features and amenities. As you step inside this beautiful space, you'll appreciate the upgraded features that enhance the sophistication and utility of the property.\n- Type 2\n- 4 Bedrooms\n- Maids and Family Area\n- BUA: Approximately 4354 sqft\n- Plot: Approximately 6889 sqft\n- Quiet Location\n- Ground floor bedroom\n- Recently upgraded\n- Owner Occupied\nFinance is available on this property through Espace Real Estate.\nFor more information, please give us a call. You are also welcome to visit our office at Marina Plaza or explore our website at espace.ae to discover an exceptional selection of properties for sale and for rent.\nOffice location: Unit 2702 and 2703 Marina Plaza, Dubai Marina, Dubai UAE.\nThis property is managed by Espace Real Estate Broker"", ""lines"": [""Type 2 | Renovated | Must See"", ""Villa for sale in Rosa, Arabian Ranches 2"", ""Introducing a rarely available, owner-occupied, exquisite villa in the illustrious Arabian Ranches 2 - Rosa community. This charismatic villa is an archetype of well-thought-out design and an internal location offering absolute peace for those who cherish tranquility. This property is an exclusive listing by Espace Real Estate. The brand-new, recently upgraded villa houses four luxuriously appointed bedrooms, with an additional room offering flexibility as a Maid's and Family Area. The fantastic layout encapsulates a built-up area of 4354 sqft., providing your family ample space to create treasured moments. The ground floor has a special attribute of a bedroom, ensuring convenient accessibility for all residents. The plot expands over a generous 6889 sqft that peers out to a quiet location. This immersive experience of tranquillity is a unique selling proposition that sets this villa apart from the rest in Rosa. Espace Real Estate takes pride in presenting such an exclusive property that soothes the senses with its quiet location, while also humbly boasting its myriad of features and amenities. As you step inside this beautiful space, you'll appreciate the upgraded features that enhance the sophistication and utility of the property."", ""- Type 2"", ""- 4 Bedrooms"", ""- Maids and Family Area"", ""- BUA: Approximately 4354 sqft"", ""- Plot: Approximately 6889 sqft"", ""- Quiet Location"", ""- Ground floor bedroom"", ""- Recently upgraded"", ""- Owner Occupied"", ""Finance is available on this property through Espace Real Estate."", ""For more information, please give us a call. You are also welcome to visit our office at Marina Plaza or explore our website at espace.ae to discover an exceptional selection of properties for sale and for rent."", ""Office location: Unit 2702 and 2703 Marina Plaza, Dubai Marina, Dubai UAE."", ""This property is managed by Espace Real Estate Broker""]}"
https://www.propertyfinder.ae/en/plp/buy/villa-for-sale-dubai-arabian-ranches-2-rosa-16143414.html,2026-05-13 10:36:42,Sale in Rosa: VOT | Double Height | Landscaped Garden | Property Finder,9999999.0,4.0,5.0,4363.0,4363.0,2292.0,Type 2,2.0,4363.0,Alyce Jones,HAUS & HAUS REAL ESTATE BROKER L.L.C,3 months ago,2026-02-12,"VOT | Double Height | Landscaped Garden
Villa for sale in Rosa, Arabian Ranches 2
BUA 4,363 sq.ft
Plot 6,888 sq.ft
Type 2
Vacant on Transfer
Double height ceilings
4 bedroom + maids
internal location
Landscaped immaculately
haus & haus is delighted to present this Type 2 independent villa in the highly sought-after Rosa community. The home has been immaculately kept by the end user, with clear pride of ownership and care evident throughout.
Offering open living spaces filled with natural light. The ground floor features a well-appointed kitchen and an L-shaped living and dining area with elegant wooden flooring, opening seamlessly onto a fully landscaped garden.
The ground floor is a guest en-suite bedroom, maid’s room, and a guest WC. Upstairs, the property offers a spacious family room, along with three well-proportioned bedrooms, including a master bedroom with en-suite, and a shared family bathroom.
Finance is available on this property through haus & haus partners.","{""text"": ""VOT | Double Height | Landscaped Garden\nVilla for sale in Rosa, Arabian Ranches 2\nBUA 4,363 sq.ft\nPlot 6,888 sq.ft\nType 2\nVacant on Transfer\nDouble height ceilings\n4 bedroom + maids\ninternal location\nLandscaped immaculately\nhaus & haus is delighted to present this Type 2 independent villa in the highly sought-after Rosa community. The home has been immaculately kept by the end user, with clear pride of ownership and care evident throughout.\nOffering open living spaces filled with natural light. The ground floor features a well-appointed kitchen and an L-shaped living and dining area with elegant wooden flooring, opening seamlessly onto a fully landscaped garden.\nThe ground floor is a guest en-suite bedroom, maid’s room, and a guest WC. Upstairs, the property offers a spacious family room, along with three well-proportioned bedrooms, including a master bedroom with en-suite, and a shared family bathroom.\nFinance is available on this property through haus & haus partners."", ""lines"": [""VOT | Double Height | Landscaped Garden"", ""Villa for sale in Rosa, Arabian Ranches 2"", ""BUA 4,363 sq.ft"", ""Plot 6,888 sq.ft"", ""Type 2"", ""Vacant on Transfer"", ""Double height ceilings"", ""4 bedroom + maids"", ""internal location"", ""Landscaped immaculately"", ""haus & haus is delighted to present this Type 2 independent villa in the highly sought-after Rosa community. The home has been immaculately kept by the end user, with clear pride of ownership and care evident throughout."", ""Offering open living spaces filled with natural light. The ground floor features a well-appointed kitchen and an L-shaped living and dining area with elegant wooden flooring, opening seamlessly onto a fully landscaped garden."", ""The ground floor is a guest en-suite bedroom, maid’s room, and a guest WC. Upstairs, the property offers a spacious family room, along with three well-proportioned bedrooms, including a master bedroom with en-suite, and a shared family bathroom."", ""Finance is available on this property through haus & haus partners.""]}"
https://www.propertyfinder.ae/en/plp/buy/villa-for-sale-dubai-arabian-ranches-2-rosa-2PeEtQTsXr6.html,2026-05-13 10:37:06,Sale in Rosa: Fully Upgraded | Large and Private Corner Plot | Property Finder,16000000.0,4.0,4.0,4811.0,4811.0,3326.0,,2.0,4811.0,Josef Schoenwerth,HAUS & HAUS REAL ESTATE BROKER L.L.C,2 months ago,2026-03-14,"Fully Upgraded | Large and Private Corner Plot
Villa for sale in Rosa, Arabian Ranches 2
BUA of 4,811 sq.ft
Plot size of 8,295 sq.ft
Located in one of Dubai’s most sought-after communities.
True turn-key bespoke upgrades
Immense privacy on a large corner plot
Palpable indoor-outdoor living
haus & haus present this stunning 4 Bedroom fully custom Villa in Rosa, an exclusive sub-community of standalone villas in a quiet residential sanctuary.
Located in one of Dubai’s most sought-after communities. This 4-bedroom villa offers a highly efficient layout with generous living spaces, excellent natural light, and indoor-outdoor living.
Please call for more information, to arrange a viewing or to make an offer.
Finance is available on this property through haus & haus partners.
For further details, please drop into our flagship office at the Gold & Diamond Park – or browse the incredible selection of properties we maintain at the haus & haus website. Our agents will be happy to answer any industry-related query you may have.","{""text"": ""Fully Upgraded | Large and Private Corner Plot\nVilla for sale in Rosa, Arabian Ranches 2\nBUA of 4,811 sq.ft\nPlot size of 8,295 sq.ft\nLocated in one of Dubai’s most sought-after communities.\nTrue turn-key bespoke upgrades\nImmense privacy on a large corner plot\nPalpable indoor-outdoor living\nhaus & haus present this stunning 4 Bedroom fully custom Villa in Rosa, an exclusive sub-community of standalone villas in a quiet residential sanctuary.\nLocated in one of Dubai’s most sought-after communities. This 4-bedroom villa offers a highly efficient layout with generous living spaces, excellent natural light, and indoor-outdoor living.\nPlease call for more information, to arrange a viewing or to make an offer.\nFinance is available on this property through haus & haus partners.\nFor further details, please drop into our flagship office at the Gold & Diamond Park – or browse the incredible selection of properties we maintain at the haus & haus website. Our agents will be happy to answer any industry-related query you may have."", ""lines"": [""Fully Upgraded | Large and Private Corner Plot"", ""Villa for sale in Rosa, Arabian Ranches 2"", ""BUA of 4,811 sq.ft"", ""Plot size of 8,295 sq.ft"", ""Located in one of Dubai’s most sought-after communities."", ""True turn-key bespoke upgrades"", ""Immense privacy on a large corner plot"", ""Palpable indoor-outdoor living"", ""haus & haus present this stunning 4 Bedroom fully custom Villa in Rosa, an exclusive sub-community of standalone villas in a quiet residential sanctuary."", ""Located in one of Dubai’s most sought-after communities. This 4-bedroom villa offers a highly efficient layout with generous living spaces, excellent natural light, and indoor-outdoor living."", ""Please call for more information, to arrange a viewing or to make an offer."", ""Finance is available on this property through haus & haus partners."", ""For further details, please drop into our flagship office at the Gold & Diamond Park – or browse the incredible selection of properties we maintain at the haus & haus website. Our agents will be happy to answer any industry-related query you may have.""]}"
https://www.propertyfinder.ae/en/plp/buy/villa-for-sale-dubai-arabian-ranches-2-rosa-85328019.html,2026-05-13 10:37:31,Sale in Rosa: Vacant /Lovely 4 Bedroom Villa/ Type 1/ Huge Plot | Property Finder,9800000.0,4.0,5.0,6694.0,6694.0,1464.0,Type 1,,,Malou Santos,LOYAL REALTY BROKERS L.L.C,7 days ago,2026-05-06,"Vacant /Lovely 4 Bedroom Villa/ Type 1/ Huge Plot
Villa for sale in Rosa, Arabian Ranches 2
ARABIAN RANCHES 2 / ROSA
Your dream home awaits you!
Occupying a prime position in sought after residential area. Residential street away from commercial traffic, a few minutes' drive to reputed school and community shops. This fabulous 4-bedroom villa comprising of good-sized living and dining area, ensuite master bedroom with walk-in closet, guest toilet, fully fitted wardrobes in 3 bedrooms, kitchen fitted with cupboards, storage and laundry area. Sit and relax on the balcony while enjoying the view of community. Well maintained property finished with excellent standard. A perfect villa for family!
Other details about the home:
• Secure back landscaped garden with mature trees
• Large plot
• 6,694.51 Square Feet plot size
• 4,309 Square Feet BUA
• Back to back
• Type 1
• Maid's room with attached toilet and bath
• 2 parking space in front available
• 24/7 Gated community
• Vacant
• AGENTS PLEASE EXCUSE
Interior viewing is absolutely essential to appreciate this family home!
For more details and viewing please call us.","{""text"": ""Vacant /Lovely 4 Bedroom Villa/ Type 1/ Huge Plot\nVilla for sale in Rosa, Arabian Ranches 2\nARABIAN RANCHES 2 / ROSA\nYour dream home awaits you!\nOccupying a prime position in sought after residential area. Residential street away from commercial traffic, a few minutes' drive to reputed school and community shops. This fabulous 4-bedroom villa comprising of good-sized living and dining area, ensuite master bedroom with walk-in closet, guest toilet, fully fitted wardrobes in 3 bedrooms, kitchen fitted with cupboards, storage and laundry area. Sit and relax on the balcony while enjoying the view of community. Well maintained property finished with excellent standard. A perfect villa for family!\nOther details about the home:\n• Secure back landscaped garden with mature trees\n• Large plot\n• 6,694.51 Square Feet plot size\n• 4,309 Square Feet BUA\n• Back to back\n• Type 1\n• Maid's room with attached toilet and bath\n• 2 parking space in front available\n• 24/7 Gated community\n• Vacant\n• AGENTS PLEASE EXCUSE\nInterior viewing is absolutely essential to appreciate this family home!\nFor more details and viewing please call us."", ""lines"": [""Vacant /Lovely 4 Bedroom Villa/ Type 1/ Huge Plot"", ""Villa for sale in Rosa, Arabian Ranches 2"", ""ARABIAN RANCHES 2 / ROSA"", ""Your dream home awaits you!"", ""Occupying a prime position in sought after residential area. Residential street away from commercial traffic, a few minutes' drive to reputed school and community shops. This fabulous 4-bedroom villa comprising of good-sized living and dining area, ensuite master bedroom with walk-in closet, guest toilet, fully fitted wardrobes in 3 bedrooms, kitchen fitted with cupboards, storage and laundry area. Sit and relax on the balcony while enjoying the view of community. Well maintained property finished with excellent standard. A perfect villa for family!"", ""Other details about the home:"", ""• Secure back landscaped garden with mature trees"", ""• Large plot"", ""• 6,694.51 Square Feet plot size"", ""• 4,309 Square Feet BUA"", ""• Back to back"", ""• Type 1"", ""• Maid's room with attached toilet and bath"", ""• 2 parking space in front available"", ""• 24/7 Gated community"", ""• Vacant"", ""• AGENTS PLEASE EXCUSE"", ""Interior viewing is absolutely essential to appreciate this family home!"", ""For more details and viewing please call us.""]}"
https://www.propertyfinder.ae/en/plp/buy/villa-for-sale-dubai-arabian-ranches-2-rosa-80700595.html,2026-05-13 10:37:56,Sale in Rosa: Dream Family Home |One of a Kind | Fully Done | Property Finder,16000000.0,4.0,4.0,4814.0,4814.0,3324.0,,,,Stephen Folan,ALLSOPP & ALLSOPP REAL ESTATE BROKER L.L.C,18 days ago,2026-04-25,"Dream Family Home |One of a Kind | Fully Done
Villa for sale in Rosa, Arabian Ranches 2
Dream Family Home |One of a Kind | Fully Done
Presented by Allsopp & Allsopp, the property has been fully customised with high-quality, turn-key upgrades throughout. Designed for modern family living, it offers a highly efficient layout, expansive living spaces, and an abundance of natural light.
Set on a generous 8,295 sq.ft corner plot with a built-up area of 4,811 sq.ft, this exceptional 4-bedroom villa is located within Rosa, one of Dubai’s most desirable residential communities.
The villa enjoys a prime corner position, ensuring enhanced privacy and a seamless indoor-outdoor lifestyle, perfect for both entertaining and everyday living.
Situated within a peaceful, well-established neighbourhood, Rosa is known for its standalone villas, landscaped surroundings, and tranquil atmosphere making it a sought-after sanctuary for residents.
Please note all measurements and information are given to the best of our knowledge. Allsopp & Allsopp accept no liability for any incorrect details.","{""text"": ""Dream Family Home |One of a Kind | Fully Done\nVilla for sale in Rosa, Arabian Ranches 2\nDream Family Home |One of a Kind | Fully Done\nPresented by Allsopp & Allsopp, the property has been fully customised with high-quality, turn-key upgrades throughout. Designed for modern family living, it offers a highly efficient layout, expansive living spaces, and an abundance of natural light.\nSet on a generous 8,295 sq.ft corner plot with a built-up area of 4,811 sq.ft, this exceptional 4-bedroom villa is located within Rosa, one of Dubai’s most desirable residential communities.\nThe villa enjoys a prime corner position, ensuring enhanced privacy and a seamless indoor-outdoor lifestyle, perfect for both entertaining and everyday living.\nSituated within a peaceful, well-established neighbourhood, Rosa is known for its standalone villas, landscaped surroundings, and tranquil atmosphere making it a sought-after sanctuary for residents.\nPlease note all measurements and information are given to the best of our knowledge. Allsopp & Allsopp accept no liability for any incorrect details."", ""lines"": [""Dream Family Home |One of a Kind | Fully Done"", ""Villa for sale in Rosa, Arabian Ranches 2"", ""Dream Family Home |One of a Kind | Fully Done"", ""Presented by Allsopp & Allsopp, the property has been fully customised with high-quality, turn-key upgrades throughout. Designed for modern family living, it offers a highly efficient layout, expansive living spaces, and an abundance of natural light."", ""Set on a generous 8,295 sq.ft corner plot with a built-up area of 4,811 sq.ft, this exceptional 4-bedroom villa is located within Rosa, one of Dubai’s most desirable residential communities."", ""The villa enjoys a prime corner position, ensuring enhanced privacy and a seamless indoor-outdoor lifestyle, perfect for both entertaining and everyday living."", ""Situated within a peaceful, well-established neighbourhood, Rosa is known for its standalone villas, landscaped surroundings, and tranquil atmosphere making it a sought-after sanctuary for residents."", ""Please note all measurements and information are given to the best of our knowledge. Allsopp & Allsopp accept no liability for any incorrect details.""]}"
https://www.propertyfinder.ae/en/plp/buy/villa-for-sale-dubai-arabian-ranches-2-rosa-16181807.html,2026-05-13 10:38:20,Sale in Rosa: Stunning Villa | Single Row | Upgraded | Property Finder,12500000.0,4.0,5.0,7642.0,7642.0,1636.0,,,,Roza Lyan,METROPOLITAN PREMIUM PROPERTIES L.L.C,3 months ago,2026-02-12,"Stunning Villa | Single Row | Upgraded
Villa for sale in Rosa, Arabian Ranches 2
Metropolitan Premium Properties is proud to present this spacious 4-bedroom villa in Rosa, Arabian Ranches.
Property Details and Features:
4 Bedrooms
Views: Community and landscaped garden
Bright open-plan living and dining area
Modern closed kitchen with premium fittings
Family lounge upstairs
Private landscaped garden
Covered parking spaces
Community swimming pools
Fully equipped gymnasium
Children’s play areas and parks
Walking and cycling tracks
Tennis and basketball courts
24-hour security and gated community
Nearby retail center, cafés, and dining options
Rosa in Arabian Ranches is a highly sought-after villa community offering family-friendly living surrounded by lush greenery. With its spacious layouts, tranquil environment, and proximity to top schools and major highways, it is the perfect choice for modern family living.
The Metropolitan Group is the leading real estate agency in the UAE. We speak 44+ languages and offer our local and international clients exceptional service, expert advice, and comprehensive property sales, purchases, and rental support.","{""text"": ""Stunning Villa | Single Row | Upgraded\nVilla for sale in Rosa, Arabian Ranches 2\nMetropolitan Premium Properties is proud to present this spacious 4-bedroom villa in Rosa, Arabian Ranches.\nProperty Details and Features:\n4 Bedrooms\nViews: Community and landscaped garden\nBright open-plan living and dining area\nModern closed kitchen with premium fittings\nFamily lounge upstairs\nPrivate landscaped garden\nCovered parking spaces\nCommunity swimming pools\nFully equipped gymnasium\nChildren’s play areas and parks\nWalking and cycling tracks\nTennis and basketball courts\n24-hour security and gated community\nNearby retail center, cafés, and dining options\nRosa in Arabian Ranches is a highly sought-after villa community offering family-friendly living surrounded by lush greenery. With its spacious layouts, tranquil environment, and proximity to top schools and major highways, it is the perfect choice for modern family living.\nThe Metropolitan Group is the leading real estate agency in the UAE. We speak 44+ languages and offer our local and international clients exceptional service, expert advice, and comprehensive property sales, purchases, and rental support."", ""lines"": [""Stunning Villa | Single Row | Upgraded"", ""Villa for sale in Rosa, Arabian Ranches 2"", ""Metropolitan Premium Properties is proud to present this spacious 4-bedroom villa in Rosa, Arabian Ranches."", ""Property Details and Features:"", ""4 Bedrooms"", ""Views: Community and landscaped garden"", ""Bright open-plan living and dining area"", ""Modern closed kitchen with premium fittings"", ""Family lounge upstairs"", ""Private landscaped garden"", ""Covered parking spaces"", ""Community swimming pools"", ""Fully equipped gymnasium"", ""Children’s play areas and parks"", ""Walking and cycling tracks"", ""Tennis and basketball courts"", ""24-hour security and gated community"", ""Nearby retail center, cafés, and dining options"", ""Rosa in Arabian Ranches is a highly sought-after villa community offering family-friendly living surrounded by lush greenery. With its spacious layouts, tranquil environment, and proximity to top schools and major highways, it is the perfect choice for modern family living."", ""The Metropolitan Group is the leading real estate agency in the UAE. We speak 44+ languages and offer our local and international clients exceptional service, expert advice, and comprehensive property sales, purchases, and rental support.""]}"
